Accuracy,Precision,Recall,F1
0.8742390497401633,0.8468759166911117,0.8988169364881694,0.8720737048784172
