Accuracy,Precision,Recall,F1
0.8734966592427617,0.8390804597701149,0.9090909090909091,0.8726838015540943
