Accuracy,Precision,Recall,F1
0.8657757980697847,0.8252536640360767,0.9115815691158157,0.8662721893491125
