Accuracy,Precision,Recall,F1
0.8773570898292502,0.9155624036979969,0.9146948941469489,0.9151308657271179
